individuals,bolt1,bolt1,bolt1,bolt1,bolt1,bolt1,bolt1,bolt1,bolt1,bolt1,nut1,nut1,nut1,nut1,nut1,nut1,nut1,nut1,nut1,nut1,jig1,jig1,jig1,jig1,jig1,jig1,jig1,jig1,jig1,jig1,bin1,bin1,bin1,bin1,bin1,bin1,bin1,bin1,bin1,bin1
coords,x,y,z,rx,ry,rz,qx,qy,qz,qw,x,y,z,rx,ry,rz,qx,qy,qz,qw,x,y,z,rx,ry,rz,qx,qy,qz,qw,x,y,z,rx,ry,rz,qx,qy,qz,qw
0,637.3663635082291,182.6186428019961,12.737827986322998,-0.696066950764327,0.3726568690833536,-0.5989699218253427,-0.3339648037442209,0.17879641895179632,-0.2873787818419486,0.8797231304092984,567.435966311143,-130.74466956033388,158.34459804052958,-0.13377230217087768,0.12966665443849734,-0.011395307009664447,-0.0667891016354161,0.06473925634437151,-0.00568938641022309,0.9956483693920193,551.7463122420012,-107.29775285218959,158.830143668882,0.024135320799180085,-0.01637212930296556,-0.009127947304692076,0.012067190832418362,-0.008185746121867402,-0.004563796062645252,0.9998832673024091,355.82815523367157,259.9248818706716,56.053904154523636,0.02517774497614255,-0.04805538285298323,0.06415897349918488,0.012585169791409435,-0.024020624292169546,0.03207005138446234,0.9991176782111975
35,639.4676282735445,184.68219548102186,6.956360259642111,-0.013418517244803623,0.182271244771748,-0.5265793252277127,-0.006622741534565066,0.08996041226344881,-0.2598944954055433,0.9614146424815126,,,,,,,,,,,,,,,,,,,,,,,,,,,,,,
91,551.2164983576796,-113.3950558620146,213.2648420812663,0.1746624486305962,0.2654023010000391,-0.02727166498636451,0.08696166799058286,0.13213960393006402,-0.013578130243155165,0.9873157690185047,559.5947178057536,-135.40102996381273,150.75672848276926,0.33239081345128557,0.586849460935563,-0.014394887243990118,0.16306192114435625,0.2878924345985491,-0.00706174140100122,0.9436518890894127,542.7260165187383,-110.69035680945223,145.37206120654952,-0.0003447719641270357,-0.06355751604372707,-0.0019018357473690503,-0.00017235694156654893,-0.03177340450694914,-0.00095075768010441,0.9994946308604944,,,,,,,,,,
147,532.5131846071514,-131.99251872857786,205.20456003890337,0.12756309138213637,-1.2411549260167631,0.06359322995919783,0.05971384345170366,-0.5809998029089362,0.02976876882824987,0.8111641673067499,,,,,,,,,,,,,,,,,,,,,,,,,,,,,,
