,bolt1,nut1,jig1,bin1
x,472.4545925584457,535.8124849948489,,
y,114.11456267484346,239.32635905389392,,
z,18.856872869240455,13.882261242219585,,
rx,-1.3515091741212226,0.07794313500147516,,
ry,0.3805616035201554,-0.09880168104639693,,
rz,-0.3802267340235821,0.05003697287577622,,
qx,-0.6177323456610476,0.038941792575486384,,
qy,0.17394274231537654,-0.049363097460030765,,
qz,-0.173789683998371,0.024999371898459535,,
qw,0.7469590465719342,0.9977083004590278,,
