individuals,bolt1,bolt1,bolt1,bolt1,bolt1,bolt1,bolt1,bolt1,bolt1,bolt1,nut1,nut1,nut1,nut1,nut1,nut1,nut1,nut1,nut1,nut1,jig1,jig1,jig1,jig1,jig1,jig1,jig1,jig1,jig1,jig1,bin1,bin1,bin1,bin1,bin1,bin1,bin1,bin1,bin1,bin1
coords,x,y,z,rx,ry,rz,qx,qy,qz,qw,x,y,z,rx,ry,rz,qx,qy,qz,qw,x,y,z,rx,ry,rz,qx,qy,qz,qw,x,y,z,rx,ry,rz,qx,qy,qz,qw
0,392.19027862128416,-280.0120869177524,31.851382323029597,0.22085026920513426,0.22195275692104297,-0.1683945782509226,0.10984450517974856,0.11039285052728472,-0.0837545690548564,0.9842422341053609,566.3154170472593,-131.45533725789434,156.9179353597648,-0.1901420090667246,-0.015787883830707946,-0.005593302241664833,-0.09492674245976265,-0.007881963537349304,-0.00279240744325894,0.9954491401761542,551.4051487917769,-107.43216045754781,158.46702975662305,0.02679025566479412,-0.028852107068910917,-0.008895673797786512,0.013394218492026582,-0.014425074208761093,-0.0044475349534617474,0.9997963450512796,707.2043228172158,-151.695506820265,49.078842698198066,0.023815632441392908,-0.011531127160376511,0.05966255535842285,0.011905702809099831,-0.0057645403019728715,0.029825983193050333,0.9994675757833749
35,370.1497125288152,-288.3254279488026,7.720593462558483,0.19604651557372152,0.13880699822293568,-0.047923721600047646,0.09777839029464944,0.0692301253513846,-0.023902002753114417,0.9925095820190396,,,,,,,,,,,,,,,,,,,,,,,,,,,,,,
91,551.3935258747239,-113.11800328760171,212.58169457924,0.10995088800904282,0.12815616273053843,-0.04245764420106066,0.0549060275071009,0.06399717113252171,-0.021202016851363796,0.9962129113356536,556.7592176646809,-135.3960680172804,144.20232657595733,-0.08161910036702062,-0.0016825016592462655,0.06824271214003955,-0.04079030172321968,-0.0008408540405598952,0.03410526220070676,0.9985851367510094,542.6683778370334,-110.65160955656984,145.49145500671494,-0.00471679087323757,-0.06418514933500721,-0.0006490865624931534,-0.0023579883983658816,-0.03208703577215086,-0.0003244872679384863,0.9994822443315753,,,,,,,,,,
147,532.0500763390633,-131.7990796901177,205.52892355574875,0.13666159456800697,-1.2982166198772884,0.06996530310710809,0.06356813724420085,-0.6038654277811382,0.03254435896422616,0.7938806596445167,,,,,,,,,,,,,,,,,,,,,,,,,,,,,,
