individuals,bolt1,bolt1,bolt1,bolt1,bolt1,bolt1,bolt1,bolt1,bolt1,bolt1,nut1,nut1,nut1,nut1,nut1,nut1,nut1,nut1,nut1,nut1,jig1,jig1,jig1,jig1,jig1,jig1,jig1,jig1,jig1,jig1,bin1,bin1,bin1,bin1,bin1,bin1,bin1,bin1,bin1,bin1
coords,x,y,z,rx,ry,rz,qx,qy,qz,qw,x,y,z,rx,ry,rz,qx,qy,qz,qw,x,y,z,rx,ry,rz,qx,qy,qz,qw,x,y,z,rx,ry,rz,qx,qy,qz,qw
0,610.6649727196884,69.50250173382291,19.498750871175346,-0.12007907281271891,-0.1120595335943117,-0.4242552454649516,-0.0595231112270779,-0.05554783132437861,-0.21030302427357453,0.9742402556076173,567.0460014848318,-131.3542978352907,157.47026840489582,-0.22382290819964543,-0.1304614122556305,0.021812459841772314,-0.11159653726790542,-0.06504714808648038,0.010875539984789146,0.9915628089161411,551.6411642792598,-107.46308522369235,158.69255409199684,0.018015438014559616,-0.02141097131616238,-0.0036399459250070656,0.009007420166075166,-0.01070513049155926,-0.0018199125828544686,0.9999004722877678,685.6387188936794,187.32181771875042,53.0116363781423,0.056928538645260984,-0.02494913168973814,-0.3170054915380558,0.02834066352104215,-0.012420395168880712,-0.1578144491989432,0.9869838601512539
35,606.8896383963969,67.88261222187069,6.7292543524553,-0.214286231106189,0.1694815055745148,-0.4279938156218881,-0.10599582862464604,0.08383335003461367,-0.21170543202369926,0.9679450727121904,,,,,,,,,,,,,,,,,,,,,,,,,,,,,,
91,552.2429199414443,-114.30363957398032,213.3643091979484,-0.004321339893682665,0.2208459566163334,-0.01055822055213798,-0.0021562699944507276,0.11019811478928683,-0.005268359983589838,0.9938933395388468,558.6793660036324,-134.95388905203595,146.1936672048787,-0.19112627933057136,-0.06246189807038726,0.08433991356392588,-0.09537394170270999,-0.031169117329501877,0.04208646779308085,0.9940628886532732,543.4028021110419,-110.71002398035559,145.71337725353004,-0.019817738678644822,-0.03343481589277443,0.010455336989853445,-0.009908200527408336,-0.016716279583379883,0.005227315646700299,0.9997975138648469,,,,,,,,,,
147,531.9131487830787,-132.9827514111831,207.37433520269212,-0.06659464572342445,-1.2661549513190453,-0.12419851875749989,-0.031090823268175367,-0.5911255986716486,-0.05798415405490092,0.8038916128323083,,,,,,,,,,,,,,,,,,,,,,,,,,,,,,
