individuals,bolt1,bolt1,bolt1,bolt1,bolt1,bolt1,bolt1,bolt1,bolt1,bolt1,nut1,nut1,nut1,nut1,nut1,nut1,nut1,nut1,nut1,nut1,jig1,jig1,jig1,jig1,jig1,jig1,jig1,jig1,jig1,jig1,bin1,bin1,bin1,bin1,bin1,bin1,bin1,bin1,bin1,bin1
coords,x,y,z,rx,ry,rz,qx,qy,qz,qw,x,y,z,rx,ry,rz,qx,qy,qz,qw,x,y,z,rx,ry,rz,qx,qy,qz,qw,x,y,z,rx,ry,rz,qx,qy,qz,qw
0,322.69844342057513,107.78067201330632,34.481436679262494,0.7395192926814538,-1.992827638694825,2.267749338519813,0.2378917307077688,-0.6410613227579388,0.7294993116349372,0.016693089853500435,567.172737507145,-131.20183140489496,157.6392118094197,-0.2430845889852271,-0.09725311890391236,0.026283093895866104,-0.12119195294793624,-0.048486395042341736,0.013103666884236639,0.9913575913617901,551.6839995614146,-107.40111297127356,158.873557446563,0.020653094748824367,-0.026435715740407446,-0.005882680100784458,0.010326048263766758,-0.013217219014511346,-0.002941197887278292,0.9998550030898303,293.9747995541545,-246.80923517599786,68.05273068848336,0.006397603868333102,0.013850035927837146,0.1009860458329616,0.003197411844896344,0.0069220085893571745,0.05047108038586432,0.9986964165347079
35,318.1103542093273,108.66749185653043,10.394901074758092,0.2522733302052856,-0.37970628969938114,-2.5631035622924085,-0.09341579905358117,0.14060371117737397,0.9491069354568226,-0.2658949227760646,,,,,,,,,,,,,,,,,,,,,,,,,,,,,,
91,549.9081523266269,-115.09458018108913,210.79658210645115,-0.14389835246692284,0.3171572157596568,-0.060285725022376835,-0.07157523581167123,0.15775442955532512,-0.029986201444148215,0.9844243766268329,557.8063500537728,-135.45997707249174,144.32214845419995,0.33328145878793725,0.12415314205462774,-0.03665442407898921,0.1657545481163217,0.06174645308300946,-0.018229749478931346,0.9840632507843982,542.057656747892,-110.74942275063896,142.16226626384304,0.009756516049870002,-0.09598050416083978,-0.006289263635284909,0.004876358368330209,-0.047971564057182045,-0.003143407257446686,0.9988318522963637,,,,,,,,,,
148,531.5672859695297,-132.567260793591,205.00175565680786,0.003381325061754776,-1.1716715661182606,-0.09073344199342569,0.001595040646036113,-0.5527016000033866,-0.04280083259997725,0.8322778898467641,,,,,,,,,,,,,,,,,,,,,,,,,,,,,,
