individuals,bolt1,bolt1,bolt1,bolt1,bolt1,bolt1,bolt1,bolt1,bolt1,bolt1,nut1,nut1,nut1,nut1,nut1,nut1,nut1,nut1,nut1,nut1,jig1,jig1,jig1,jig1,jig1,jig1,jig1,jig1,jig1,jig1,bin1,bin1,bin1,bin1,bin1,bin1,bin1,bin1,bin1,bin1
coords,x,y,z,rx,ry,rz,qx,qy,qz,qw,x,y,z,rx,ry,rz,qx,qy,qz,qw,x,y,z,rx,ry,rz,qx,qy,qz,qw,x,y,z,rx,ry,rz,qx,qy,qz,qw
0,546.4419704556884,118.46076149179714,25.936045450049733,-1.3902820115805787,1.4011907773345547,-0.553768816721085,-0.5796456126695396,0.5841937677605654,-0.23088097405551106,0.5190593234321556,425.078924735157,-296.3982065099131,30.4586515257933,0.17447056791842316,-0.3579831936630306,0.24592562900459952,0.0864411802990576,-0.17736223453990896,0.12184348277518843,0.9727408317803508,551.4544722078691,-107.05054690117991,159.02175672602402,0.01760148382979769,-0.01759790601934687,-0.0038853829770903923,0.008800509212393056,-0.008798720354468515,-0.0019426401213784583,0.9999206767074502,524.5068596967344,285.0330096395051,54.93996737907533,0.0369893152507848,-0.046581358694360496,0.2759892564175465,0.018433294877084543,-0.0232134040537605,0.13753678087739118,0.9900530215185931
33,,,,,,,,,,,399.35787655249925,-308.02029142060775,-4.869812404035116,0.06638953654421251,-0.27699705135192776,0.4717728110231206,0.03277630167778641,-0.1367525575799419,0.232912726648927,0.962276526684837,,,,,,,,,,,,,,,,,,,,
96,,,,,,,,,,,533.3646776985589,-113.09729070943979,192.54510862855918,-0.00530665343163864,-1.0693454395916249,0.32816827612556276,-0.0025171449542522365,-0.5072306892273404,0.155662534031366,0.8476319173946734,538.5560680273843,-110.21831146930678,133.4231278641044,0.0935836910708177,-0.24080114173167916,-0.033362632327303576,0.046659661243124484,-0.12006044612682942,-0.016634192397828203,0.9915299637084981,,,,,,,,,,
115,,,,,,,,,,,554.7688477197187,-133.76726748899256,152.0911976386957,-0.054289421418162793,-0.1701619251145657,0.02504774542654847,-0.02710793348651165,-0.08496568995298244,0.012506904646856156,0.9959365285042311,538.7900958316836,-108.86366787358332,133.20751438922161,0.09355420355318152,-0.23878162782165777,-0.03710072242270794,0.04664634187630212,-0.1190570708970586,-0.01849850585285186,0.9916185445725507,,,,,,,,,,
