individuals,bolt1,bolt1,bolt1,bolt1,bolt1,bolt1,bolt1,bolt1,bolt1,bolt1,nut1,nut1,nut1,nut1,nut1,nut1,nut1,nut1,nut1,nut1,jig1,jig1,jig1,jig1,jig1,jig1,jig1,jig1,jig1,jig1,bin1,bin1,bin1,bin1,bin1,bin1,bin1,bin1,bin1,bin1
coords,x,y,z,rx,ry,rz,qx,qy,qz,qw,x,y,z,rx,ry,rz,qx,qy,qz,qw,x,y,z,rx,ry,rz,qx,qy,qz,qw,x,y,z,rx,ry,rz,qx,qy,qz,qw
0,340.2821372309878,-190.14070247960015,43.546051960766135,1.2265582719463222,-1.4194360957112166,2.3539017527073387,0.4066127578674165,-0.47055312307164016,0.78033510947547,0.06574907168079307,566.577046634821,-131.41505517103758,157.01892610863757,-0.1991112511357185,-0.1364216597985235,0.006372404882617473,-0.09931397792934606,-0.06804526430844592,0.0031784686915444656,0.9927217501041368,551.7182169829332,-107.25409307519134,158.78813772705925,0.015634778532717202,-0.014937477045958839,-0.0045625297485424035,0.007817230186325236,-0.007468586537817501,-0.0022812184516510727,0.9999389517214122,712.8759894897493,-64.78001205660624,50.54924700345427,0.029228957870673356,-0.04391274729746187,-0.07062903849799762,0.014609747273943454,-0.02194926493647451,-0.03530308563250861,0.9990287669522654
35,321.8189939565893,-199.07133998784016,10.66920583979958,0.09916548610504662,0.16278176566823052,-2.573683854878422,-0.036924297449507426,-0.060611837555283,0.9583119281829399,-0.27676894643064326,,,,,,,,,,,,,,,,,,,,,,,,,,,,,,
91,549.8216925334391,-114.35609896188757,208.02257774677236,-0.06786639983368971,0.15309518062350563,-0.027209216482470745,-0.033892516881634076,0.0764558162285663,-0.013588297467200996,0.9964041166294902,557.2843267523523,-135.52211131208978,142.78382318955886,0.34776529237384063,-0.001772734892324426,-0.02091576263494192,0.17300455856282754,-0.0008818913911794915,-0.010405070203996008,0.9848656657118804,541.9293212691373,-110.62511217564806,141.61726095502235,0.004731520183307528,-0.08681407457538391,-0.00425070203963327,0.00236501325848659,-0.04339333437028728,-0.0021246800800036394,0.9990530070917525,,,,,,,,,,
148,533.2522935870096,-131.81330088479527,204.8317090524747,0.11124421086770668,-1.283258717380843,0.026349782931587486,0.05185434936167874,-0.598166370487534,0.012282444534249266,0.7995981873580695,,,,,,,,,,,,,,,,,,,,,,,,,,,,,,
