individuals,bolt1,bolt1,bolt1,bolt1,bolt1,bolt1,bolt1,bolt1,bolt1,bolt1,nut1,nut1,nut1,nut1,nut1,nut1,nut1,nut1,nut1,nut1,jig1,jig1,jig1,jig1,jig1,jig1,jig1,jig1,jig1,jig1,bin1,bin1,bin1,bin1,bin1,bin1,bin1,bin1,bin1,bin1
coords,x,y,z,rx,ry,rz,qx,qy,qz,qw,x,y,z,rx,ry,rz,qx,qy,qz,qw,x,y,z,rx,ry,rz,qx,qy,qz,qw,x,y,z,rx,ry,rz,qx,qy,qz,qw
0,418.8436872117256,77.63364041324621,31.8022486753174,-0.964573071944393,0.14600722611623407,0.7771062809811874,-0.4516283261313748,0.06836288618449159,0.3638534177594627,0.8117690935315638,380.7358206157774,5.775823295917519,18.745474239262904,0.23932561705992333,-0.412916097625525,0.4344422604659646,0.11759686341806422,-0.20289360801451886,0.21347086782715466,0.9483856547471632,551.3873538834802,-107.02273196916288,159.034791000982,0.018321606913521356,-0.011469600101076786,-0.006224208660348057,0.009160610327717526,-0.005734679148867305,-0.0031120387204560257,0.999936753944211,496.47646072196966,222.59491718095484,56.05211517014742,0.023770494711168447,-0.014244235932550855,0.010894755766428479,0.011884808284559952,-0.007121854857268364,0.005447176643331281,0.9998891732497396
33,407.3180086598937,87.50356689852693,9.668361822542877,0.18654340124856783,0.2152558817058018,-0.42973610380153826,0.09224211751602975,0.10643988585726297,-0.21249622298310367,0.966957753820076,371.9440111581633,7.182621614351774,-1.8183713921633284,-0.002852909529528223,-0.234239060464081,-0.1916353479439579,-0.0014210166818813036,-0.1166730346765346,-0.09545238762321508,0.9885718109414133,,,,,,,,,,,,,,,,,,,,
96,,,,,,,,,,,533.1755706168565,-113.64978345799238,198.1599424717175,-0.19404662255622226,-0.10777034040982585,0.04181410863133991,-0.09681719967164608,-0.053770699168527225,0.020862640385711378,0.9936296553519349,538.8896377728855,-110.11043121445864,133.88015611747562,0.10203704349676866,-0.24291809297680667,-0.036810082177221565,0.05086820172911044,-0.12110118182311237,-0.018350812819418246,0.9911660695780293,,,,,,,,,,
115,,,,,,,,,,,554.4975284868724,-133.4997806504416,151.6066312655788,-0.027998335144054292,-0.21165822136254325,0.035935153934767455,-0.013971841787678683,-0.10562253672311396,0.017932505015358795,0.9941464140845194,538.9708080189139,-108.6174998043927,133.354996425586,0.090076459006504,-0.24537872676111935,-0.03568727469493251,0.044907735838376955,-0.12233388349502024,-0.01779193723274474,0.9913128482877661,,,,,,,,,,
